instance_id,n,lenw,total_length,length_imbalance,length_variance,generator_skew
1,1,1,7,3,2.25,0.14285714285714285
2,1,1,7,3,2.25,0.14285714285714285
3,1,2,8,2,1.0,0.25
4,1,2,8,2,1.0,0.25
5,1,3,9,1,0.25,0.3333333333333333
6,1,3,9,1,0.25,0.3333333333333333
7,1,4,10,0,0.0,0.0
8,1,4,10,0,0.0,0.0
9,1,4,10,0,0.0,0.4
10,1,4,10,0,0.0,0.0
11,1,4,10,0,0.0,0.0
12,1,4,10,0,0.0,0.4
13,1,5,11,1,0.25,0.09090909090909091
14,1,5,11,1,0.25,0.09090909090909091
15,1,5,11,1,0.25,0.09090909090909091
16,1,5,11,1,0.25,0.09090909090909091
17,1,5,11,1,0.25,0.09090909090909091
18,1,5,11,1,0.25,0.09090909090909091
19,1,5,11,1,0.25,0.09090909090909091
20,1,5,11,1,0.25,0.09090909090909091
21,1,5,11,1,0.25,0.45454545454545453
22,1,5,11,1,0.25,0.09090909090909091
23,1,5,11,1,0.25,0.09090909090909091
24,1,5,11,1,0.25,0.09090909090909091
25,1,5,11,1,0.25,0.09090909090909091
26,1,5,11,1,0.25,0.09090909090909091
27,1,5,11,1,0.25,0.09090909090909091
28,1,5,11,1,0.25,0.09090909090909091
29,1,5,11,1,0.25,0.09090909090909091
30,1,5,11,1,0.25,0.45454545454545453
31,1,6,12,2,1.0,0.16666666666666666
32,1,6,12,2,1.0,0.16666666666666666
33,1,6,12,2,1.0,0.16666666666666666
34,1,6,12,2,1.0,0.16666666666666666
35,1,6,12,2,1.0,0.16666666666666666
36,1,6,12,2,1.0,0.16666666666666666
37,1,6,12,2,1.0,0.16666666666666666
38,1,6,12,2,1.0,0.16666666666666666
39,1,6,12,2,1.0,0.16666666666666666
40,1,6,12,2,1.0,0.16666666666666666
41,1,6,12,2,1.0,0.16666666666666666
42,1,6,12,2,1.0,0.16666666666666666
43,1,6,12,2,1.0,0.16666666666666666
44,1,6,12,2,1.0,0.16666666666666666
45,1,6,12,2,1.0,0.16666666666666666
46,1,6,12,2,1.0,0.16666666666666666
47,1,6,12,2,1.0,0.16666666666666666
48,1,6,12,2,1.0,0.16666666666666666
49,1,6,12,2,1.0,0.16666666666666666
50,1,6,12,2,1.0,0.16666666666666666
51,1,6,12,2,1.0,0.5
52,1,6,12,2,1.0,0.16666666666666666
53,1,6,12,2,1.0,0.16666666666666666
54,1,6,12,2,1.0,0.16666666666666666
55,1,6,12,2,1.0,0.16666666666666666
56,1,6,12,2,1.0,0.16666666666666666
57,1,6,12,2,1.0,0.16666666666666666
58,1,6,12,2,1.0,0.16666666666666666
59,1,6,12,2,1.0,0.16666666666666666
60,1,6,12,2,1.0,0.16666666666666666
61,1,6,12,2,1.0,0.16666666666666666
62,1,6,12,2,1.0,0.16666666666666666
63,1,6,12,2,1.0,0.16666666666666666
64,1,6,12,2,1.0,0.16666666666666666
65,1,6,12,2,1.0,0.16666666666666666
66,1,6,12,2,1.0,0.16666666666666666
67,1,6,12,2,1.0,0.16666666666666666
68,1,6,12,2,1.0,0.16666666666666666
69,1,6,12,2,1.0,0.16666666666666666
70,1,6,12,2,1.0,0.16666666666666666
71,1,6,12,2,1.0,0.16666666666666666
72,1,6,12,2,1.0,0.5
73,1,7,13,3,2.25,0.07692307692307693
74,1,7,13,3,2.25,0.07692307692307693
75,1,7,13,3,2.25,0.07692307692307693
76,1,7,13,3,2.25,0.07692307692307693
77,1,7,13,3,2.25,0.07692307692307693
78,1,7,13,3,2.25,0.07692307692307693
79,1,7,13,3,2.25,0.07692307692307693
80,1,7,13,3,2.25,0.07692307692307693
81,1,7,13,3,2.25,0.07692307692307693
82,1,7,13,3,2.25,0.07692307692307693
83,1,7,13,3,2.25,0.07692307692307693
84,1,7,13,3,2.25,0.07692307692307693
85,1,7,13,3,2.25,0.23076923076923078
86,1,7,13,3,2.25,0.23076923076923078
87,1,7,13,3,2.25,0.23076923076923078
88,1,7,13,3,2.25,0.23076923076923078
89,1,7,13,3,2.25,0.23076923076923078
90,1,7,13,3,2.25,0.23076923076923078
91,1,7,13,3,2.25,0.23076923076923078
92,1,7,13,3,2.25,0.07692307692307693
93,1,7,13,3,2.25,0.07692307692307693
94,1,7,13,3,2.25,0.23076923076923078
95,1,7,13,3,2.25,0.23076923076923078
96,1,7,13,3,2.25,0.23076923076923078
97,1,7,13,3,2.25,0.23076923076923078
98,1,7,13,3,2.25,0.23076923076923078
99,1,7,13,3,2.25,0.23076923076923078
100,1,7,13,3,2.25,0.23076923076923078
101,1,7,13,3,2.25,0.07692307692307693
102,1,7,13,3,2.25,0.07692307692307693
103,1,7,13,3,2.25,0.23076923076923078
104,1,7,13,3,2.25,0.23076923076923078
105,1,7,13,3,2.25,0.23076923076923078
106,1,7,13,3,2.25,0.23076923076923078
107,1,7,13,3,2.25,0.23076923076923078
108,1,7,13,3,2.25,0.23076923076923078
109,1,7,13,3,2.25,0.23076923076923078
110,1,7,13,3,2.25,0.23076923076923078
111,1,7,13,3,2.25,0.23076923076923078
112,1,7,13,3,2.25,0.23076923076923078
113,1,7,13,3,2.25,0.23076923076923078
114,1,7,13,3,2.25,0.23076923076923078
115,1,7,13,3,2.25,0.23076923076923078
116,1,7,13,3,2.25,0.23076923076923078
117,1,7,13,3,2.25,0.23076923076923078
118,1,7,13,3,2.25,0.23076923076923078
119,1,7,13,3,2.25,0.23076923076923078
120,1,7,13,3,2.25,0.23076923076923078
121,1,7,13,3,2.25,0.5384615384615384
122,1,7,13,3,2.25,0.23076923076923078
123,1,7,13,3,2.25,0.23076923076923078
124,1,7,13,3,2.25,0.23076923076923078
125,1,7,13,3,2.25,0.23076923076923078
126,1,7,13,3,2.25,0.23076923076923078
127,1,7,13,3,2.25,0.23076923076923078
128,1,7,13,3,2.25,0.07692307692307693
129,1,7,13,3,2.25,0.07692307692307693
130,1,7,13,3,2.25,0.07692307692307693
131,1,7,13,3,2.25,0.07692307692307693
132,1,7,13,3,2.25,0.23076923076923078
133,1,7,13,3,2.25,0.23076923076923078
134,1,7,13,3,2.25,0.23076923076923078
135,1,7,13,3,2.25,0.23076923076923078
136,1,7,13,3,2.25,0.23076923076923078
137,1,7,13,3,2.25,0.23076923076923078
138,1,7,13,3,2.25,0.07692307692307693
139,1,7,13,3,2.25,0.07692307692307693
140,1,7,13,3,2.25,0.07692307692307693
141,1,7,13,3,2.25,0.07692307692307693
142,1,7,13,3,2.25,0.07692307692307693
143,1,7,13,3,2.25,0.07692307692307693
144,1,7,13,3,2.25,0.07692307692307693
145,1,7,13,3,2.25,0.07692307692307693
146,1,7,13,3,2.25,0.07692307692307693
147,1,7,13,3,2.25,0.07692307692307693
148,1,7,13,3,2.25,0.23076923076923078
149,1,7,13,3,2.25,0.23076923076923078
150,1,7,13,3,2.25,0.07692307692307693
151,1,7,13,3,2.25,0.07692307692307693
152,1,7,13,3,2.25,0.23076923076923078
153,1,7,13,3,2.25,0.23076923076923078
154,1,7,13,3,2.25,0.23076923076923078
155,1,7,13,3,2.25,0.23076923076923078
156,1,7,13,3,2.25,0.23076923076923078
157,1,7,13,3,2.25,0.23076923076923078
158,1,7,13,3,2.25,0.23076923076923078
159,1,7,13,3,2.25,0.23076923076923078
160,1,7,13,3,2.25,0.23076923076923078
161,1,7,13,3,2.25,0.23076923076923078
162,1,7,13,3,2.25,0.23076923076923078
163,1,7,13,3,2.25,0.23076923076923078
164,1,7,13,3,2.25,0.23076923076923078
165,1,7,13,3,2.25,0.23076923076923078
166,1,7,13,3,2.25,0.23076923076923078
167,1,7,13,3,2.25,0.23076923076923078
168,1,7,13,3,2.25,0.23076923076923078
169,1,7,13,3,2.25,0.23076923076923078
170,1,7,13,3,2.25,0.5384615384615384
171,2,1,9,5,6.25,0.3333333333333333
172,2,1,9,5,6.25,0.3333333333333333
173,2,2,10,4,4.0,0.4
174,2,2,10,4,4.0,0.4
175,2,3,11,3,2.25,0.45454545454545453
176,2,3,11,3,2.25,0.45454545454545453
177,2,4,12,2,1.0,0.16666666666666666
178,2,4,12,2,1.0,0.16666666666666666
179,2,4,12,2,1.0,0.5
180,2,4,12,2,1.0,0.16666666666666666
181,2,4,12,2,1.0,0.16666666666666666
182,2,4,12,2,1.0,0.5
183,2,5,13,1,0.25,0.23076923076923078
184,2,5,13,1,0.25,0.23076923076923078
185,2,5,13,1,0.25,0.23076923076923078
186,2,5,13,1,0.25,0.23076923076923078
187,2,5,13,1,0.25,0.23076923076923078
188,2,5,13,1,0.25,0.23076923076923078
189,2,5,13,1,0.25,0.23076923076923078
190,2,5,13,1,0.25,0.23076923076923078
191,2,5,13,1,0.25,0.5384615384615384
192,2,5,13,1,0.25,0.23076923076923078
193,2,5,13,1,0.25,0.23076923076923078
194,2,5,13,1,0.25,0.23076923076923078
195,2,5,13,1,0.25,0.23076923076923078
196,2,5,13,1,0.25,0.23076923076923078
197,2,5,13,1,0.25,0.23076923076923078
198,2,5,13,1,0.25,0.23076923076923078
199,2,5,13,1,0.25,0.23076923076923078
200,2,5,13,1,0.25,0.5384615384615384
201,2,6,14,0,0.0,0.0
202,2,6,14,0,0.0,0.0
203,2,6,14,0,0.0,0.2857142857142857
204,2,6,14,0,0.0,0.2857142857142857
205,2,6,14,0,0.0,0.2857142857142857
206,2,6,14,0,0.0,0.2857142857142857
207,2,6,14,0,0.0,0.2857142857142857
208,2,6,14,0,0.0,0.2857142857142857
209,2,6,14,0,0.0,0.2857142857142857
210,2,6,14,0,0.0,0.2857142857142857
211,2,6,14,0,0.0,0.2857142857142857
212,2,6,14,0,0.0,0.2857142857142857
213,2,6,14,0,0.0,0.2857142857142857
214,2,6,14,0,0.0,0.2857142857142857
215,2,6,14,0,0.0,0.2857142857142857
216,2,6,14,0,0.0,0.2857142857142857
217,2,6,14,0,0.0,0.2857142857142857
218,2,6,14,0,0.0,0.2857142857142857
219,2,6,14,0,0.0,0.2857142857142857
220,2,6,14,0,0.0,0.2857142857142857
221,2,6,14,0,0.0,0.5714285714285714
222,2,6,14,0,0.0,0.2857142857142857
223,2,6,14,0,0.0,0.2857142857142857
224,2,6,14,0,0.0,0.2857142857142857
225,2,6,14,0,0.0,0.2857142857142857
226,2,6,14,0,0.0,0.2857142857142857
227,2,6,14,0,0.0,0.2857142857142857
228,2,6,14,0,0.0,0.0
229,2,6,14,0,0.0,0.0
230,2,6,14,0,0.0,0.2857142857142857
231,2,6,14,0,0.0,0.2857142857142857
232,2,6,14,0,0.0,0.2857142857142857
233,2,6,14,0,0.0,0.2857142857142857
234,2,6,14,0,0.0,0.2857142857142857
235,2,6,14,0,0.0,0.2857142857142857
236,2,6,14,0,0.0,0.2857142857142857
237,2,6,14,0,0.0,0.2857142857142857
238,2,6,14,0,0.0,0.2857142857142857
239,2,6,14,0,0.0,0.2857142857142857
240,2,6,14,0,0.0,0.2857142857142857
241,2,6,14,0,0.0,0.2857142857142857
242,2,6,14,0,0.0,0.5714285714285714
243,2,7,15,1,0.25,0.06666666666666667
244,2,7,15,1,0.25,0.06666666666666667
245,2,7,15,1,0.25,0.06666666666666667
246,2,7,15,1,0.25,0.06666666666666667
247,2,7,15,1,0.25,0.06666666666666667
248,2,7,15,1,0.25,0.06666666666666667
249,2,7,15,1,0.25,0.06666666666666667
250,2,7,15,1,0.25,0.06666666666666667
251,2,7,15,1,0.25,0.06666666666666667
252,2,7,15,1,0.25,0.06666666666666667
253,2,7,15,1,0.25,0.06666666666666667
254,2,7,15,1,0.25,0.06666666666666667
255,2,7,15,1,0.25,0.3333333333333333
256,2,7,15,1,0.25,0.3333333333333333
257,2,7,15,1,0.25,0.3333333333333333
258,2,7,15,1,0.25,0.3333333333333333
259,2,7,15,1,0.25,0.3333333333333333
260,2,7,15,1,0.25,0.3333333333333333
261,2,7,15,1,0.25,0.3333333333333333
262,2,7,15,1,0.25,0.06666666666666667
263,2,7,15,1,0.25,0.06666666666666667
264,2,7,15,1,0.25,0.3333333333333333
265,2,7,15,1,0.25,0.3333333333333333
266,2,7,15,1,0.25,0.3333333333333333
267,2,7,15,1,0.25,0.3333333333333333
268,2,7,15,1,0.25,0.3333333333333333
269,2,7,15,1,0.25,0.3333333333333333
270,2,7,15,1,0.25,0.3333333333333333
271,2,7,15,1,0.25,0.06666666666666667
272,2,7,15,1,0.25,0.06666666666666667
273,2,7,15,1,0.25,0.3333333333333333
274,2,7,15,1,0.25,0.3333333333333333
275,2,7,15,1,0.25,0.3333333333333333
276,2,7,15,1,0.25,0.3333333333333333
277,2,7,15,1,0.25,0.3333333333333333
278,2,7,15,1,0.25,0.3333333333333333
279,2,7,15,1,0.25,0.3333333333333333
280,2,7,15,1,0.25,0.3333333333333333
281,2,7,15,1,0.25,0.3333333333333333
282,2,7,15,1,0.25,0.3333333333333333
283,2,7,15,1,0.25,0.3333333333333333
284,2,7,15,1,0.25,0.3333333333333333
285,2,7,15,1,0.25,0.3333333333333333
286,2,7,15,1,0.25,0.3333333333333333
287,2,7,15,1,0.25,0.3333333333333333
288,2,7,15,1,0.25,0.3333333333333333
289,2,7,15,1,0.25,0.3333333333333333
290,2,7,15,1,0.25,0.3333333333333333
291,2,7,15,1,0.25,0.6
292,2,7,15,1,0.25,0.3333333333333333
293,2,7,15,1,0.25,0.3333333333333333
294,2,7,15,1,0.25,0.3333333333333333
295,2,7,15,1,0.25,0.3333333333333333
296,2,7,15,1,0.25,0.3333333333333333
297,2,7,15,1,0.25,0.3333333333333333
298,2,7,15,1,0.25,0.06666666666666667
299,2,7,15,1,0.25,0.06666666666666667
300,2,7,15,1,0.25,0.06666666666666667
301,2,7,15,1,0.25,0.06666666666666667
302,2,7,15,1,0.25,0.3333333333333333
303,2,7,15,1,0.25,0.3333333333333333
304,2,7,15,1,0.25,0.3333333333333333
305,2,7,15,1,0.25,0.3333333333333333
306,2,7,15,1,0.25,0.3333333333333333
307,2,7,15,1,0.25,0.3333333333333333
308,2,7,15,1,0.25,0.06666666666666667
309,2,7,15,1,0.25,0.06666666666666667
310,2,7,15,1,0.25,0.06666666666666667
311,2,7,15,1,0.25,0.06666666666666667
312,2,7,15,1,0.25,0.06666666666666667
313,2,7,15,1,0.25,0.06666666666666667
314,2,7,15,1,0.25,0.06666666666666667
315,2,7,15,1,0.25,0.06666666666666667
316,2,7,15,1,0.25,0.06666666666666667
317,2,7,15,1,0.25,0.06666666666666667
318,2,7,15,1,0.25,0.3333333333333333
319,2,7,15,1,0.25,0.3333333333333333
320,2,7,15,1,0.25,0.06666666666666667
321,2,7,15,1,0.25,0.06666666666666667
322,2,7,15,1,0.25,0.3333333333333333
323,2,7,15,1,0.25,0.3333333333333333
324,2,7,15,1,0.25,0.3333333333333333
325,2,7,15,1,0.25,0.3333333333333333
326,2,7,15,1,0.25,0.3333333333333333
327,2,7,15,1,0.25,0.3333333333333333
328,2,7,15,1,0.25,0.3333333333333333
329,2,7,15,1,0.25,0.3333333333333333
330,2,7,15,1,0.25,0.3333333333333333
331,2,7,15,1,0.25,0.3333333333333333
332,2,7,15,1,0.25,0.3333333333333333
333,2,7,15,1,0.25,0.3333333333333333
334,2,7,15,1,0.25,0.3333333333333333
335,2,7,15,1,0.25,0.3333333333333333
336,2,7,15,1,0.25,0.3333333333333333
337,2,7,15,1,0.25,0.3333333333333333
338,2,7,15,1,0.25,0.3333333333333333
339,2,7,15,1,0.25,0.3333333333333333
340,2,7,15,1,0.25,0.6
341,3,1,11,7,12.25,0.45454545454545453
342,3,1,11,7,12.25,0.45454545454545453
343,3,2,12,6,9.0,0.5
344,3,2,12,6,9.0,0.5
345,3,3,13,5,6.25,0.5384615384615384
346,3,3,13,5,6.25,0.5384615384615384
347,3,4,14,4,4.0,0.2857142857142857
348,3,4,14,4,4.0,0.2857142857142857
349,3,4,14,4,4.0,0.5714285714285714
350,3,4,14,4,4.0,0.2857142857142857
351,3,4,14,4,4.0,0.2857142857142857
352,3,4,14,4,4.0,0.5714285714285714
353,3,5,15,3,2.25,0.3333333333333333
354,3,5,15,3,2.25,0.3333333333333333
355,3,5,15,3,2.25,0.3333333333333333
356,3,5,15,3,2.25,0.3333333333333333
357,3,5,15,3,2.25,0.3333333333333333
358,3,5,15,3,2.25,0.3333333333333333
359,3,5,15,3,2.25,0.3333333333333333
360,3,5,15,3,2.25,0.3333333333333333
361,3,5,15,3,2.25,0.6
362,3,5,15,3,2.25,0.3333333333333333
363,3,5,15,3,2.25,0.3333333333333333
364,3,5,15,3,2.25,0.3333333333333333
365,3,5,15,3,2.25,0.3333333333333333
366,3,5,15,3,2.25,0.3333333333333333
367,3,5,15,3,2.25,0.3333333333333333
368,3,5,15,3,2.25,0.3333333333333333
369,3,5,15,3,2.25,0.3333333333333333
370,3,5,15,3,2.25,0.6
371,3,6,16,2,1.0,0.125
372,3,6,16,2,1.0,0.125
373,3,6,16,2,1.0,0.375
374,3,6,16,2,1.0,0.375
375,3,6,16,2,1.0,0.375
376,3,6,16,2,1.0,0.375
377,3,6,16,2,1.0,0.375
378,3,6,16,2,1.0,0.375
379,3,6,16,2,1.0,0.375
380,3,6,16,2,1.0,0.375
381,3,6,16,2,1.0,0.375
382,3,6,16,2,1.0,0.375
383,3,6,16,2,1.0,0.375
384,3,6,16,2,1.0,0.375
385,3,6,16,2,1.0,0.375
386,3,6,16,2,1.0,0.375
387,3,6,16,2,1.0,0.375
388,3,6,16,2,1.0,0.375
389,3,6,16,2,1.0,0.375
390,3,6,16,2,1.0,0.375
391,3,6,16,2,1.0,0.625
392,3,6,16,2,1.0,0.375
393,3,6,16,2,1.0,0.375
394,3,6,16,2,1.0,0.375
395,3,6,16,2,1.0,0.375
396,3,6,16,2,1.0,0.375
397,3,6,16,2,1.0,0.375
398,3,6,16,2,1.0,0.125
399,3,6,16,2,1.0,0.125
400,3,6,16,2,1.0,0.375
401,3,6,16,2,1.0,0.375
402,3,6,16,2,1.0,0.375
403,3,6,16,2,1.0,0.375
404,3,6,16,2,1.0,0.375
405,3,6,16,2,1.0,0.375
406,3,6,16,2,1.0,0.375
407,3,6,16,2,1.0,0.375
408,3,6,16,2,1.0,0.375
409,3,6,16,2,1.0,0.375
410,3,6,16,2,1.0,0.375
411,3,6,16,2,1.0,0.375
412,3,6,16,2,1.0,0.625
413,3,7,17,1,0.25,0.17647058823529413
414,3,7,17,1,0.25,0.17647058823529413
415,3,7,17,1,0.25,0.17647058823529413
416,3,7,17,1,0.25,0.17647058823529413
417,3,7,17,1,0.25,0.17647058823529413
418,3,7,17,1,0.25,0.17647058823529413
419,3,7,17,1,0.25,0.17647058823529413
420,3,7,17,1,0.25,0.17647058823529413
421,3,7,17,1,0.25,0.17647058823529413
422,3,7,17,1,0.25,0.17647058823529413
423,3,7,17,1,0.25,0.17647058823529413
424,3,7,17,1,0.25,0.17647058823529413
425,3,7,17,1,0.25,0.4117647058823529
426,3,7,17,1,0.25,0.4117647058823529
427,3,7,17,1,0.25,0.4117647058823529
428,3,7,17,1,0.25,0.4117647058823529
429,3,7,17,1,0.25,0.4117647058823529
430,3,7,17,1,0.25,0.4117647058823529
431,3,7,17,1,0.25,0.4117647058823529
432,3,7,17,1,0.25,0.17647058823529413
433,3,7,17,1,0.25,0.17647058823529413
434,3,7,17,1,0.25,0.4117647058823529
435,3,7,17,1,0.25,0.4117647058823529
436,3,7,17,1,0.25,0.4117647058823529
437,3,7,17,1,0.25,0.4117647058823529
438,3,7,17,1,0.25,0.4117647058823529
439,3,7,17,1,0.25,0.4117647058823529
440,3,7,17,1,0.25,0.4117647058823529
441,3,7,17,1,0.25,0.17647058823529413
442,3,7,17,1,0.25,0.17647058823529413
443,3,7,17,1,0.25,0.4117647058823529
444,3,7,17,1,0.25,0.4117647058823529
445,3,7,17,1,0.25,0.4117647058823529
446,3,7,17,1,0.25,0.4117647058823529
447,3,7,17,1,0.25,0.4117647058823529
448,3,7,17,1,0.25,0.4117647058823529
449,3,7,17,1,0.25,0.4117647058823529
450,3,7,17,1,0.25,0.4117647058823529
451,3,7,17,1,0.25,0.4117647058823529
452,3,7,17,1,0.25,0.4117647058823529
453,3,7,17,1,0.25,0.4117647058823529
454,3,7,17,1,0.25,0.4117647058823529
455,3,7,17,1,0.25,0.4117647058823529
456,3,7,17,1,0.25,0.4117647058823529
457,3,7,17,1,0.25,0.4117647058823529
458,3,7,17,1,0.25,0.4117647058823529
459,3,7,17,1,0.25,0.4117647058823529
460,3,7,17,1,0.25,0.4117647058823529
461,3,7,17,1,0.25,0.6470588235294118
462,3,7,17,1,0.25,0.4117647058823529
463,3,7,17,1,0.25,0.4117647058823529
464,3,7,17,1,0.25,0.4117647058823529
465,3,7,17,1,0.25,0.4117647058823529
466,3,7,17,1,0.25,0.4117647058823529
467,3,7,17,1,0.25,0.4117647058823529
468,3,7,17,1,0.25,0.17647058823529413
469,3,7,17,1,0.25,0.17647058823529413
470,3,7,17,1,0.25,0.17647058823529413
471,3,7,17,1,0.25,0.17647058823529413
472,3,7,17,1,0.25,0.4117647058823529
473,3,7,17,1,0.25,0.4117647058823529
474,3,7,17,1,0.25,0.4117647058823529
475,3,7,17,1,0.25,0.4117647058823529
476,3,7,17,1,0.25,0.4117647058823529
477,3,7,17,1,0.25,0.4117647058823529
478,3,7,17,1,0.25,0.17647058823529413
479,3,7,17,1,0.25,0.17647058823529413
480,3,7,17,1,0.25,0.17647058823529413
481,3,7,17,1,0.25,0.17647058823529413
482,3,7,17,1,0.25,0.17647058823529413
483,3,7,17,1,0.25,0.17647058823529413
484,3,7,17,1,0.25,0.17647058823529413
485,3,7,17,1,0.25,0.17647058823529413
486,3,7,17,1,0.25,0.17647058823529413
487,3,7,17,1,0.25,0.17647058823529413
488,3,7,17,1,0.25,0.4117647058823529
489,3,7,17,1,0.25,0.4117647058823529
490,3,7,17,1,0.25,0.17647058823529413
491,3,7,17,1,0.25,0.17647058823529413
492,3,7,17,1,0.25,0.4117647058823529
493,3,7,17,1,0.25,0.4117647058823529
494,3,7,17,1,0.25,0.4117647058823529
495,3,7,17,1,0.25,0.4117647058823529
496,3,7,17,1,0.25,0.4117647058823529
497,3,7,17,1,0.25,0.4117647058823529
498,3,7,17,1,0.25,0.4117647058823529
499,3,7,17,1,0.25,0.4117647058823529
500,3,7,17,1,0.25,0.4117647058823529
501,3,7,17,1,0.25,0.4117647058823529
502,3,7,17,1,0.25,0.4117647058823529
503,3,7,17,1,0.25,0.4117647058823529
504,3,7,17,1,0.25,0.4117647058823529
505,3,7,17,1,0.25,0.4117647058823529
506,3,7,17,1,0.25,0.4117647058823529
507,3,7,17,1,0.25,0.4117647058823529
508,3,7,17,1,0.25,0.4117647058823529
509,3,7,17,1,0.25,0.4117647058823529
510,3,7,17,1,0.25,0.6470588235294118
511,4,1,13,9,20.25,0.5384615384615384
512,4,1,13,9,20.25,0.5384615384615384
513,4,2,14,8,16.0,0.5714285714285714
514,4,2,14,8,16.0,0.5714285714285714
515,4,3,15,7,12.25,0.6
516,4,3,15,7,12.25,0.6
517,4,4,16,6,9.0,0.375
518,4,4,16,6,9.0,0.375
519,4,4,16,6,9.0,0.625
520,4,4,16,6,9.0,0.375
521,4,4,16,6,9.0,0.375
522,4,4,16,6,9.0,0.625
523,4,5,17,5,6.25,0.4117647058823529
524,4,5,17,5,6.25,0.4117647058823529
525,4,5,17,5,6.25,0.4117647058823529
526,4,5,17,5,6.25,0.4117647058823529
527,4,5,17,5,6.25,0.4117647058823529
528,4,5,17,5,6.25,0.4117647058823529
529,4,5,17,5,6.25,0.4117647058823529
530,4,5,17,5,6.25,0.4117647058823529
531,4,5,17,5,6.25,0.6470588235294118
532,4,5,17,5,6.25,0.4117647058823529
533,4,5,17,5,6.25,0.4117647058823529
534,4,5,17,5,6.25,0.4117647058823529
535,4,5,17,5,6.25,0.4117647058823529
536,4,5,17,5,6.25,0.4117647058823529
537,4,5,17,5,6.25,0.4117647058823529
538,4,5,17,5,6.25,0.4117647058823529
539,4,5,17,5,6.25,0.4117647058823529
540,4,5,17,5,6.25,0.6470588235294118
541,4,6,18,4,4.0,0.2222222222222222
542,4,6,18,4,4.0,0.2222222222222222
543,4,6,18,4,4.0,0.4444444444444444
544,4,6,18,4,4.0,0.4444444444444444
545,4,6,18,4,4.0,0.4444444444444444
546,4,6,18,4,4.0,0.4444444444444444
547,4,6,18,4,4.0,0.4444444444444444
548,4,6,18,4,4.0,0.4444444444444444
549,4,6,18,4,4.0,0.4444444444444444
550,4,6,18,4,4.0,0.4444444444444444
551,4,6,18,4,4.0,0.4444444444444444
552,4,6,18,4,4.0,0.4444444444444444
553,4,6,18,4,4.0,0.4444444444444444
554,4,6,18,4,4.0,0.4444444444444444
555,4,6,18,4,4.0,0.4444444444444444
556,4,6,18,4,4.0,0.4444444444444444
557,4,6,18,4,4.0,0.4444444444444444
558,4,6,18,4,4.0,0.4444444444444444
559,4,6,18,4,4.0,0.4444444444444444
560,4,6,18,4,4.0,0.4444444444444444
561,4,6,18,4,4.0,0.6666666666666666
562,4,6,18,4,4.0,0.4444444444444444
563,4,6,18,4,4.0,0.4444444444444444
564,4,6,18,4,4.0,0.4444444444444444
565,4,6,18,4,4.0,0.4444444444444444
566,4,6,18,4,4.0,0.4444444444444444
567,4,6,18,4,4.0,0.4444444444444444
568,4,6,18,4,4.0,0.2222222222222222
569,4,6,18,4,4.0,0.2222222222222222
570,4,6,18,4,4.0,0.4444444444444444
571,4,6,18,4,4.0,0.4444444444444444
572,4,6,18,4,4.0,0.4444444444444444
573,4,6,18,4,4.0,0.4444444444444444
574,4,6,18,4,4.0,0.4444444444444444
575,4,6,18,4,4.0,0.4444444444444444
576,4,6,18,4,4.0,0.4444444444444444
577,4,6,18,4,4.0,0.4444444444444444
578,4,6,18,4,4.0,0.4444444444444444
579,4,6,18,4,4.0,0.4444444444444444
580,4,6,18,4,4.0,0.4444444444444444
581,4,6,18,4,4.0,0.4444444444444444
582,4,6,18,4,4.0,0.6666666666666666
583,4,7,19,3,2.25,0.2631578947368421
584,4,7,19,3,2.25,0.2631578947368421
585,4,7,19,3,2.25,0.2631578947368421
586,4,7,19,3,2.25,0.2631578947368421
587,4,7,19,3,2.25,0.2631578947368421
588,4,7,19,3,2.25,0.2631578947368421
589,4,7,19,3,2.25,0.2631578947368421
590,4,7,19,3,2.25,0.2631578947368421
591,4,7,19,3,2.25,0.2631578947368421
592,4,7,19,3,2.25,0.2631578947368421
593,4,7,19,3,2.25,0.2631578947368421
594,4,7,19,3,2.25,0.2631578947368421
595,4,7,19,3,2.25,0.47368421052631576
596,4,7,19,3,2.25,0.47368421052631576
597,4,7,19,3,2.25,0.47368421052631576
598,4,7,19,3,2.25,0.47368421052631576
599,4,7,19,3,2.25,0.47368421052631576
600,4,7,19,3,2.25,0.47368421052631576
601,4,7,19,3,2.25,0.47368421052631576
602,4,7,19,3,2.25,0.2631578947368421
603,4,7,19,3,2.25,0.2631578947368421
604,4,7,19,3,2.25,0.47368421052631576
605,4,7,19,3,2.25,0.47368421052631576
606,4,7,19,3,2.25,0.47368421052631576
607,4,7,19,3,2.25,0.47368421052631576
608,4,7,19,3,2.25,0.47368421052631576
609,4,7,19,3,2.25,0.47368421052631576
610,4,7,19,3,2.25,0.47368421052631576
611,4,7,19,3,2.25,0.2631578947368421
612,4,7,19,3,2.25,0.2631578947368421
613,4,7,19,3,2.25,0.47368421052631576
614,4,7,19,3,2.25,0.47368421052631576
615,4,7,19,3,2.25,0.47368421052631576
616,4,7,19,3,2.25,0.47368421052631576
617,4,7,19,3,2.25,0.47368421052631576
618,4,7,19,3,2.25,0.47368421052631576
619,4,7,19,3,2.25,0.47368421052631576
620,4,7,19,3,2.25,0.47368421052631576
621,4,7,19,3,2.25,0.47368421052631576
622,4,7,19,3,2.25,0.47368421052631576
623,4,7,19,3,2.25,0.47368421052631576
624,4,7,19,3,2.25,0.47368421052631576
625,4,7,19,3,2.25,0.47368421052631576
626,4,7,19,3,2.25,0.47368421052631576
627,4,7,19,3,2.25,0.47368421052631576
628,4,7,19,3,2.25,0.47368421052631576
629,4,7,19,3,2.25,0.47368421052631576
630,4,7,19,3,2.25,0.47368421052631576
631,4,7,19,3,2.25,0.6842105263157895
632,4,7,19,3,2.25,0.47368421052631576
633,4,7,19,3,2.25,0.47368421052631576
634,4,7,19,3,2.25,0.47368421052631576
635,4,7,19,3,2.25,0.47368421052631576
636,4,7,19,3,2.25,0.47368421052631576
637,4,7,19,3,2.25,0.47368421052631576
638,4,7,19,3,2.25,0.2631578947368421
639,4,7,19,3,2.25,0.2631578947368421
640,4,7,19,3,2.25,0.2631578947368421
641,4,7,19,3,2.25,0.2631578947368421
642,4,7,19,3,2.25,0.47368421052631576
643,4,7,19,3,2.25,0.47368421052631576
644,4,7,19,3,2.25,0.47368421052631576
645,4,7,19,3,2.25,0.47368421052631576
646,4,7,19,3,2.25,0.47368421052631576
647,4,7,19,3,2.25,0.47368421052631576
648,4,7,19,3,2.25,0.2631578947368421
649,4,7,19,3,2.25,0.2631578947368421
650,4,7,19,3,2.25,0.2631578947368421
651,4,7,19,3,2.25,0.2631578947368421
652,4,7,19,3,2.25,0.2631578947368421
653,4,7,19,3,2.25,0.2631578947368421
654,4,7,19,3,2.25,0.2631578947368421
655,4,7,19,3,2.25,0.2631578947368421
656,4,7,19,3,2.25,0.2631578947368421
657,4,7,19,3,2.25,0.2631578947368421
658,4,7,19,3,2.25,0.47368421052631576
659,4,7,19,3,2.25,0.47368421052631576
660,4,7,19,3,2.25,0.2631578947368421
661,4,7,19,3,2.25,0.2631578947368421
662,4,7,19,3,2.25,0.47368421052631576
663,4,7,19,3,2.25,0.47368421052631576
664,4,7,19,3,2.25,0.47368421052631576
665,4,7,19,3,2.25,0.47368421052631576
666,4,7,19,3,2.25,0.47368421052631576
667,4,7,19,3,2.25,0.47368421052631576
668,4,7,19,3,2.25,0.47368421052631576
669,4,7,19,3,2.25,0.47368421052631576
670,4,7,19,3,2.25,0.47368421052631576
671,4,7,19,3,2.25,0.47368421052631576
672,4,7,19,3,2.25,0.47368421052631576
673,4,7,19,3,2.25,0.47368421052631576
674,4,7,19,3,2.25,0.47368421052631576
675,4,7,19,3,2.25,0.47368421052631576
676,4,7,19,3,2.25,0.47368421052631576
677,4,7,19,3,2.25,0.47368421052631576
678,4,7,19,3,2.25,0.47368421052631576
679,4,7,19,3,2.25,0.47368421052631576
680,4,7,19,3,2.25,0.6842105263157895
681,5,1,15,11,30.25,0.6
682,5,1,15,11,30.25,0.6
683,5,2,16,10,25.0,0.625
684,5,2,16,10,25.0,0.625
685,5,3,17,9,20.25,0.6470588235294118
686,5,3,17,9,20.25,0.6470588235294118
687,5,4,18,8,16.0,0.4444444444444444
688,5,4,18,8,16.0,0.4444444444444444
689,5,4,18,8,16.0,0.6666666666666666
690,5,4,18,8,16.0,0.4444444444444444
691,5,4,18,8,16.0,0.4444444444444444
692,5,4,18,8,16.0,0.6666666666666666
693,5,5,19,7,12.25,0.47368421052631576
694,5,5,19,7,12.25,0.47368421052631576
695,5,5,19,7,12.25,0.47368421052631576
696,5,5,19,7,12.25,0.47368421052631576
697,5,5,19,7,12.25,0.47368421052631576
698,5,5,19,7,12.25,0.47368421052631576
699,5,5,19,7,12.25,0.47368421052631576
700,5,5,19,7,12.25,0.47368421052631576
701,5,5,19,7,12.25,0.6842105263157895
702,5,5,19,7,12.25,0.47368421052631576
703,5,5,19,7,12.25,0.47368421052631576
704,5,5,19,7,12.25,0.47368421052631576
705,5,5,19,7,12.25,0.47368421052631576
706,5,5,19,7,12.25,0.47368421052631576
707,5,5,19,7,12.25,0.47368421052631576
708,5,5,19,7,12.25,0.47368421052631576
709,5,5,19,7,12.25,0.47368421052631576
710,5,5,19,7,12.25,0.6842105263157895
711,5,6,20,6,9.0,0.3
712,5,6,20,6,9.0,0.3
713,5,6,20,6,9.0,0.5
714,5,6,20,6,9.0,0.5
715,5,6,20,6,9.0,0.5
716,5,6,20,6,9.0,0.5
717,5,6,20,6,9.0,0.5
718,5,6,20,6,9.0,0.5
719,5,6,20,6,9.0,0.5
720,5,6,20,6,9.0,0.5
721,5,6,20,6,9.0,0.5
722,5,6,20,6,9.0,0.5
723,5,6,20,6,9.0,0.5
724,5,6,20,6,9.0,0.5
725,5,6,20,6,9.0,0.5
726,5,6,20,6,9.0,0.5
727,5,6,20,6,9.0,0.5
728,5,6,20,6,9.0,0.5
729,5,6,20,6,9.0,0.5
730,5,6,20,6,9.0,0.5
731,5,6,20,6,9.0,0.7
732,5,6,20,6,9.0,0.5
733,5,6,20,6,9.0,0.5
734,5,6,20,6,9.0,0.5
735,5,6,20,6,9.0,0.5
736,5,6,20,6,9.0,0.5
737,5,6,20,6,9.0,0.5
738,5,6,20,6,9.0,0.3
739,5,6,20,6,9.0,0.3
740,5,6,20,6,9.0,0.5
741,5,6,20,6,9.0,0.5
742,5,6,20,6,9.0,0.5
743,5,6,20,6,9.0,0.5
744,5,6,20,6,9.0,0.5
745,5,6,20,6,9.0,0.5
746,5,6,20,6,9.0,0.5
747,5,6,20,6,9.0,0.5
748,5,6,20,6,9.0,0.5
749,5,6,20,6,9.0,0.5
750,5,6,20,6,9.0,0.5
751,5,6,20,6,9.0,0.5
752,5,6,20,6,9.0,0.7
753,5,7,21,5,6.25,0.3333333333333333
754,5,7,21,5,6.25,0.3333333333333333
755,5,7,21,5,6.25,0.3333333333333333
756,5,7,21,5,6.25,0.3333333333333333
757,5,7,21,5,6.25,0.3333333333333333
758,5,7,21,5,6.25,0.3333333333333333
759,5,7,21,5,6.25,0.3333333333333333
760,5,7,21,5,6.25,0.3333333333333333
761,5,7,21,5,6.25,0.3333333333333333
762,5,7,21,5,6.25,0.3333333333333333
763,5,7,21,5,6.25,0.3333333333333333
764,5,7,21,5,6.25,0.3333333333333333
765,5,7,21,5,6.25,0.5238095238095238
766,5,7,21,5,6.25,0.5238095238095238
767,5,7,21,5,6.25,0.5238095238095238
768,5,7,21,5,6.25,0.5238095238095238
769,5,7,21,5,6.25,0.5238095238095238
770,5,7,21,5,6.25,0.5238095238095238
771,5,7,21,5,6.25,0.5238095238095238
772,5,7,21,5,6.25,0.3333333333333333
773,5,7,21,5,6.25,0.3333333333333333
774,5,7,21,5,6.25,0.5238095238095238
775,5,7,21,5,6.25,0.5238095238095238
776,5,7,21,5,6.25,0.5238095238095238
777,5,7,21,5,6.25,0.5238095238095238
778,5,7,21,5,6.25,0.5238095238095238
779,5,7,21,5,6.25,0.5238095238095238
780,5,7,21,5,6.25,0.5238095238095238
781,5,7,21,5,6.25,0.3333333333333333
782,5,7,21,5,6.25,0.3333333333333333
783,5,7,21,5,6.25,0.5238095238095238
784,5,7,21,5,6.25,0.5238095238095238
785,5,7,21,5,6.25,0.5238095238095238
786,5,7,21,5,6.25,0.5238095238095238
787,5,7,21,5,6.25,0.5238095238095238
788,5,7,21,5,6.25,0.5238095238095238
789,5,7,21,5,6.25,0.5238095238095238
790,5,7,21,5,6.25,0.5238095238095238
791,5,7,21,5,6.25,0.5238095238095238
792,5,7,21,5,6.25,0.5238095238095238
793,5,7,21,5,6.25,0.5238095238095238
794,5,7,21,5,6.25,0.5238095238095238
795,5,7,21,5,6.25,0.5238095238095238
796,5,7,21,5,6.25,0.5238095238095238
797,5,7,21,5,6.25,0.5238095238095238
798,5,7,21,5,6.25,0.5238095238095238
799,5,7,21,5,6.25,0.5238095238095238
800,5,7,21,5,6.25,0.5238095238095238
801,5,7,21,5,6.25,0.7142857142857143
802,5,7,21,5,6.25,0.5238095238095238
803,5,7,21,5,6.25,0.5238095238095238
804,5,7,21,5,6.25,0.5238095238095238
805,5,7,21,5,6.25,0.5238095238095238
806,5,7,21,5,6.25,0.5238095238095238
807,5,7,21,5,6.25,0.5238095238095238
808,5,7,21,5,6.25,0.3333333333333333
809,5,7,21,5,6.25,0.3333333333333333
810,5,7,21,5,6.25,0.3333333333333333
811,5,7,21,5,6.25,0.3333333333333333
812,5,7,21,5,6.25,0.5238095238095238
813,5,7,21,5,6.25,0.5238095238095238
814,5,7,21,5,6.25,0.5238095238095238
815,5,7,21,5,6.25,0.5238095238095238
816,5,7,21,5,6.25,0.5238095238095238
817,5,7,21,5,6.25,0.5238095238095238
818,5,7,21,5,6.25,0.3333333333333333
819,5,7,21,5,6.25,0.3333333333333333
820,5,7,21,5,6.25,0.3333333333333333
821,5,7,21,5,6.25,0.3333333333333333
822,5,7,21,5,6.25,0.3333333333333333
823,5,7,21,5,6.25,0.3333333333333333
824,5,7,21,5,6.25,0.3333333333333333
825,5,7,21,5,6.25,0.3333333333333333
826,5,7,21,5,6.25,0.3333333333333333
827,5,7,21,5,6.25,0.3333333333333333
828,5,7,21,5,6.25,0.5238095238095238
829,5,7,21,5,6.25,0.5238095238095238
830,5,7,21,5,6.25,0.3333333333333333
831,5,7,21,5,6.25,0.3333333333333333
832,5,7,21,5,6.25,0.5238095238095238
833,5,7,21,5,6.25,0.5238095238095238
834,5,7,21,5,6.25,0.5238095238095238
835,5,7,21,5,6.25,0.5238095238095238
836,5,7,21,5,6.25,0.5238095238095238
837,5,7,21,5,6.25,0.5238095238095238
838,5,7,21,5,6.25,0.5238095238095238
839,5,7,21,5,6.25,0.5238095238095238
840,5,7,21,5,6.25,0.5238095238095238
841,5,7,21,5,6.25,0.5238095238095238
842,5,7,21,5,6.25,0.5238095238095238
843,5,7,21,5,6.25,0.5238095238095238
844,5,7,21,5,6.25,0.5238095238095238
845,5,7,21,5,6.25,0.5238095238095238
846,5,7,21,5,6.25,0.5238095238095238
847,5,7,21,5,6.25,0.5238095238095238
848,5,7,21,5,6.25,0.5238095238095238
849,5,7,21,5,6.25,0.5238095238095238
850,5,7,21,5,6.25,0.7142857142857143
851,6,1,17,13,42.25,0.6470588235294118
852,6,1,17,13,42.25,0.6470588235294118
853,6,2,18,12,36.0,0.6666666666666666
854,6,2,18,12,36.0,0.6666666666666666
855,6,3,19,11,30.25,0.6842105263157895
856,6,3,19,11,30.25,0.6842105263157895
857,6,4,20,10,25.0,0.5
858,6,4,20,10,25.0,0.5
859,6,4,20,10,25.0,0.7
860,6,4,20,10,25.0,0.5
861,6,4,20,10,25.0,0.5
862,6,4,20,10,25.0,0.7
863,6,5,21,9,20.25,0.5238095238095238
864,6,5,21,9,20.25,0.5238095238095238
865,6,5,21,9,20.25,0.5238095238095238
866,6,5,21,9,20.25,0.5238095238095238
867,6,5,21,9,20.25,0.5238095238095238
868,6,5,21,9,20.25,0.5238095238095238
869,6,5,21,9,20.25,0.5238095238095238
870,6,5,21,9,20.25,0.5238095238095238
871,6,5,21,9,20.25,0.7142857142857143
872,6,5,21,9,20.25,0.5238095238095238
873,6,5,21,9,20.25,0.5238095238095238
874,6,5,21,9,20.25,0.5238095238095238
875,6,5,21,9,20.25,0.5238095238095238
876,6,5,21,9,20.25,0.5238095238095238
877,6,5,21,9,20.25,0.5238095238095238
878,6,5,21,9,20.25,0.5238095238095238
879,6,5,21,9,20.25,0.5238095238095238
880,6,5,21,9,20.25,0.7142857142857143
881,6,6,22,8,16.0,0.36363636363636365
882,6,6,22,8,16.0,0.36363636363636365
883,6,6,22,8,16.0,0.5454545454545454
884,6,6,22,8,16.0,0.5454545454545454
885,6,6,22,8,16.0,0.5454545454545454
886,6,6,22,8,16.0,0.5454545454545454
887,6,6,22,8,16.0,0.5454545454545454
888,6,6,22,8,16.0,0.5454545454545454
889,6,6,22,8,16.0,0.5454545454545454
890,6,6,22,8,16.0,0.5454545454545454
891,6,6,22,8,16.0,0.5454545454545454
892,6,6,22,8,16.0,0.5454545454545454
893,6,6,22,8,16.0,0.5454545454545454
894,6,6,22,8,16.0,0.5454545454545454
895,6,6,22,8,16.0,0.5454545454545454
896,6,6,22,8,16.0,0.5454545454545454
897,6,6,22,8,16.0,0.5454545454545454
898,6,6,22,8,16.0,0.5454545454545454
899,6,6,22,8,16.0,0.5454545454545454
900,6,6,22,8,16.0,0.5454545454545454
901,6,6,22,8,16.0,0.7272727272727273
902,6,6,22,8,16.0,0.5454545454545454
903,6,6,22,8,16.0,0.5454545454545454
904,6,6,22,8,16.0,0.5454545454545454
905,6,6,22,8,16.0,0.5454545454545454
906,6,6,22,8,16.0,0.5454545454545454
907,6,6,22,8,16.0,0.5454545454545454
908,6,6,22,8,16.0,0.36363636363636365
909,6,6,22,8,16.0,0.36363636363636365
910,6,6,22,8,16.0,0.5454545454545454
911,6,6,22,8,16.0,0.5454545454545454
912,6,6,22,8,16.0,0.5454545454545454
913,6,6,22,8,16.0,0.5454545454545454
914,6,6,22,8,16.0,0.5454545454545454
915,6,6,22,8,16.0,0.5454545454545454
916,6,6,22,8,16.0,0.5454545454545454
917,6,6,22,8,16.0,0.5454545454545454
918,6,6,22,8,16.0,0.5454545454545454
919,6,6,22,8,16.0,0.5454545454545454
920,6,6,22,8,16.0,0.5454545454545454
921,6,6,22,8,16.0,0.5454545454545454
922,6,6,22,8,16.0,0.7272727272727273
923,6,7,23,7,12.25,0.391304347826087
924,6,7,23,7,12.25,0.391304347826087
925,6,7,23,7,12.25,0.391304347826087
926,6,7,23,7,12.25,0.391304347826087
927,6,7,23,7,12.25,0.391304347826087
928,6,7,23,7,12.25,0.391304347826087
929,6,7,23,7,12.25,0.391304347826087
930,6,7,23,7,12.25,0.391304347826087
931,6,7,23,7,12.25,0.391304347826087
932,6,7,23,7,12.25,0.391304347826087
933,6,7,23,7,12.25,0.391304347826087
934,6,7,23,7,12.25,0.391304347826087
935,6,7,23,7,12.25,0.5652173913043478
936,6,7,23,7,12.25,0.5652173913043478
937,6,7,23,7,12.25,0.5652173913043478
938,6,7,23,7,12.25,0.5652173913043478
939,6,7,23,7,12.25,0.5652173913043478
940,6,7,23,7,12.25,0.5652173913043478
941,6,7,23,7,12.25,0.5652173913043478
942,6,7,23,7,12.25,0.391304347826087
943,6,7,23,7,12.25,0.391304347826087
944,6,7,23,7,12.25,0.5652173913043478
945,6,7,23,7,12.25,0.5652173913043478
946,6,7,23,7,12.25,0.5652173913043478
947,6,7,23,7,12.25,0.5652173913043478
948,6,7,23,7,12.25,0.5652173913043478
949,6,7,23,7,12.25,0.5652173913043478
950,6,7,23,7,12.25,0.5652173913043478
951,6,7,23,7,12.25,0.391304347826087
952,6,7,23,7,12.25,0.391304347826087
953,6,7,23,7,12.25,0.5652173913043478
954,6,7,23,7,12.25,0.5652173913043478
955,6,7,23,7,12.25,0.5652173913043478
956,6,7,23,7,12.25,0.5652173913043478
957,6,7,23,7,12.25,0.5652173913043478
958,6,7,23,7,12.25,0.5652173913043478
959,6,7,23,7,12.25,0.5652173913043478
960,6,7,23,7,12.25,0.5652173913043478
961,6,7,23,7,12.25,0.5652173913043478
962,6,7,23,7,12.25,0.5652173913043478
963,6,7,23,7,12.25,0.5652173913043478
964,6,7,23,7,12.25,0.5652173913043478
965,6,7,23,7,12.25,0.5652173913043478
966,6,7,23,7,12.25,0.5652173913043478
967,6,7,23,7,12.25,0.5652173913043478
968,6,7,23,7,12.25,0.5652173913043478
969,6,7,23,7,12.25,0.5652173913043478
970,6,7,23,7,12.25,0.5652173913043478
971,6,7,23,7,12.25,0.7391304347826086
972,6,7,23,7,12.25,0.5652173913043478
973,6,7,23,7,12.25,0.5652173913043478
974,6,7,23,7,12.25,0.5652173913043478
975,6,7,23,7,12.25,0.5652173913043478
976,6,7,23,7,12.25,0.5652173913043478
977,6,7,23,7,12.25,0.5652173913043478
978,6,7,23,7,12.25,0.391304347826087
979,6,7,23,7,12.25,0.391304347826087
980,6,7,23,7,12.25,0.391304347826087
981,6,7,23,7,12.25,0.391304347826087
982,6,7,23,7,12.25,0.5652173913043478
983,6,7,23,7,12.25,0.5652173913043478
984,6,7,23,7,12.25,0.5652173913043478
985,6,7,23,7,12.25,0.5652173913043478
986,6,7,23,7,12.25,0.5652173913043478
987,6,7,23,7,12.25,0.5652173913043478
988,6,7,23,7,12.25,0.391304347826087
989,6,7,23,7,12.25,0.391304347826087
990,6,7,23,7,12.25,0.391304347826087
991,6,7,23,7,12.25,0.391304347826087
992,6,7,23,7,12.25,0.391304347826087
993,6,7,23,7,12.25,0.391304347826087
994,6,7,23,7,12.25,0.391304347826087
995,6,7,23,7,12.25,0.391304347826087
996,6,7,23,7,12.25,0.391304347826087
997,6,7,23,7,12.25,0.391304347826087
998,6,7,23,7,12.25,0.5652173913043478
999,6,7,23,7,12.25,0.5652173913043478
1000,6,7,23,7,12.25,0.391304347826087
1001,6,7,23,7,12.25,0.391304347826087
1002,6,7,23,7,12.25,0.5652173913043478
1003,6,7,23,7,12.25,0.5652173913043478
1004,6,7,23,7,12.25,0.5652173913043478
1005,6,7,23,7,12.25,0.5652173913043478
1006,6,7,23,7,12.25,0.5652173913043478
1007,6,7,23,7,12.25,0.5652173913043478
1008,6,7,23,7,12.25,0.5652173913043478
1009,6,7,23,7,12.25,0.5652173913043478
1010,6,7,23,7,12.25,0.5652173913043478
1011,6,7,23,7,12.25,0.5652173913043478
1012,6,7,23,7,12.25,0.5652173913043478
1013,6,7,23,7,12.25,0.5652173913043478
1014,6,7,23,7,12.25,0.5652173913043478
1015,6,7,23,7,12.25,0.5652173913043478
1016,6,7,23,7,12.25,0.5652173913043478
1017,6,7,23,7,12.25,0.5652173913043478
1018,6,7,23,7,12.25,0.5652173913043478
1019,6,7,23,7,12.25,0.5652173913043478
1020,6,7,23,7,12.25,0.7391304347826086
1021,7,1,19,15,56.25,0.6842105263157895
1022,7,1,19,15,56.25,0.6842105263157895
1023,7,2,20,14,49.0,0.7
1024,7,2,20,14,49.0,0.7
1025,7,3,21,13,42.25,0.7142857142857143
1026,7,3,21,13,42.25,0.7142857142857143
1027,7,4,22,12,36.0,0.5454545454545454
1028,7,4,22,12,36.0,0.5454545454545454
1029,7,4,22,12,36.0,0.7272727272727273
1030,7,4,22,12,36.0,0.5454545454545454
1031,7,4,22,12,36.0,0.5454545454545454
1032,7,4,22,12,36.0,0.7272727272727273
1033,7,5,23,11,30.25,0.5652173913043478
1034,7,5,23,11,30.25,0.5652173913043478
1035,7,5,23,11,30.25,0.5652173913043478
1036,7,5,23,11,30.25,0.5652173913043478
1037,7,5,23,11,30.25,0.5652173913043478
1038,7,5,23,11,30.25,0.5652173913043478
1039,7,5,23,11,30.25,0.5652173913043478
1040,7,5,23,11,30.25,0.5652173913043478
1041,7,5,23,11,30.25,0.7391304347826086
1042,7,5,23,11,30.25,0.5652173913043478
1043,7,5,23,11,30.25,0.5652173913043478
1044,7,5,23,11,30.25,0.5652173913043478
1045,7,5,23,11,30.25,0.5652173913043478
1046,7,5,23,11,30.25,0.5652173913043478
1047,7,5,23,11,30.25,0.5652173913043478
1048,7,5,23,11,30.25,0.5652173913043478
1049,7,5,23,11,30.25,0.5652173913043478
1050,7,5,23,11,30.25,0.7391304347826086
1051,7,6,24,10,25.0,0.4166666666666667
1052,7,6,24,10,25.0,0.4166666666666667
1053,7,6,24,10,25.0,0.5833333333333334
1054,7,6,24,10,25.0,0.5833333333333334
1055,7,6,24,10,25.0,0.5833333333333334
1056,7,6,24,10,25.0,0.5833333333333334
1057,7,6,24,10,25.0,0.5833333333333334
1058,7,6,24,10,25.0,0.5833333333333334
1059,7,6,24,10,25.0,0.5833333333333334
1060,7,6,24,10,25.0,0.5833333333333334
1061,7,6,24,10,25.0,0.5833333333333334
1062,7,6,24,10,25.0,0.5833333333333334
1063,7,6,24,10,25.0,0.5833333333333334
1064,7,6,24,10,25.0,0.5833333333333334
1065,7,6,24,10,25.0,0.5833333333333334
1066,7,6,24,10,25.0,0.5833333333333334
1067,7,6,24,10,25.0,0.5833333333333334
1068,7,6,24,10,25.0,0.5833333333333334
1069,7,6,24,10,25.0,0.5833333333333334
1070,7,6,24,10,25.0,0.5833333333333334
1071,7,6,24,10,25.0,0.75
1072,7,6,24,10,25.0,0.5833333333333334
1073,7,6,24,10,25.0,0.5833333333333334
1074,7,6,24,10,25.0,0.5833333333333334
1075,7,6,24,10,25.0,0.5833333333333334
1076,7,6,24,10,25.0,0.5833333333333334
1077,7,6,24,10,25.0,0.5833333333333334
1078,7,6,24,10,25.0,0.4166666666666667
1079,7,6,24,10,25.0,0.4166666666666667
1080,7,6,24,10,25.0,0.5833333333333334
1081,7,6,24,10,25.0,0.5833333333333334
1082,7,6,24,10,25.0,0.5833333333333334
1083,7,6,24,10,25.0,0.5833333333333334
1084,7,6,24,10,25.0,0.5833333333333334
1085,7,6,24,10,25.0,0.5833333333333334
1086,7,6,24,10,25.0,0.5833333333333334
1087,7,6,24,10,25.0,0.5833333333333334
1088,7,6,24,10,25.0,0.5833333333333334
1089,7,6,24,10,25.0,0.5833333333333334
1090,7,6,24,10,25.0,0.5833333333333334
1091,7,6,24,10,25.0,0.5833333333333334
1092,7,6,24,10,25.0,0.75
1093,7,7,25,9,20.25,0.44
1094,7,7,25,9,20.25,0.44
1095,7,7,25,9,20.25,0.44
1096,7,7,25,9,20.25,0.44
1097,7,7,25,9,20.25,0.44
1098,7,7,25,9,20.25,0.44
1099,7,7,25,9,20.25,0.44
1100,7,7,25,9,20.25,0.44
1101,7,7,25,9,20.25,0.44
1102,7,7,25,9,20.25,0.44
1103,7,7,25,9,20.25,0.44
1104,7,7,25,9,20.25,0.44
1105,7,7,25,9,20.25,0.6
1106,7,7,25,9,20.25,0.6
1107,7,7,25,9,20.25,0.6
1108,7,7,25,9,20.25,0.6
1109,7,7,25,9,20.25,0.6
1110,7,7,25,9,20.25,0.6
1111,7,7,25,9,20.25,0.6
1112,7,7,25,9,20.25,0.44
1113,7,7,25,9,20.25,0.44
1114,7,7,25,9,20.25,0.6
1115,7,7,25,9,20.25,0.6
1116,7,7,25,9,20.25,0.6
1117,7,7,25,9,20.25,0.6
1118,7,7,25,9,20.25,0.6
1119,7,7,25,9,20.25,0.6
1120,7,7,25,9,20.25,0.6
1121,7,7,25,9,20.25,0.44
1122,7,7,25,9,20.25,0.44
1123,7,7,25,9,20.25,0.6
1124,7,7,25,9,20.25,0.6
1125,7,7,25,9,20.25,0.6
1126,7,7,25,9,20.25,0.6
1127,7,7,25,9,20.25,0.6
1128,7,7,25,9,20.25,0.6
1129,7,7,25,9,20.25,0.6
1130,7,7,25,9,20.25,0.6
1131,7,7,25,9,20.25,0.6
1132,7,7,25,9,20.25,0.6
1133,7,7,25,9,20.25,0.6
1134,7,7,25,9,20.25,0.6
1135,7,7,25,9,20.25,0.6
1136,7,7,25,9,20.25,0.6
1137,7,7,25,9,20.25,0.6
1138,7,7,25,9,20.25,0.6
1139,7,7,25,9,20.25,0.6
1140,7,7,25,9,20.25,0.6
1141,7,7,25,9,20.25,0.76
1142,7,7,25,9,20.25,0.6
1143,7,7,25,9,20.25,0.6
1144,7,7,25,9,20.25,0.6
1145,7,7,25,9,20.25,0.6
1146,7,7,25,9,20.25,0.6
1147,7,7,25,9,20.25,0.6
1148,7,7,25,9,20.25,0.44
1149,7,7,25,9,20.25,0.44
1150,7,7,25,9,20.25,0.44
1151,7,7,25,9,20.25,0.44
1152,7,7,25,9,20.25,0.6
1153,7,7,25,9,20.25,0.6
1154,7,7,25,9,20.25,0.6
1155,7,7,25,9,20.25,0.6
1156,7,7,25,9,20.25,0.6
1157,7,7,25,9,20.25,0.6
1158,7,7,25,9,20.25,0.44
1159,7,7,25,9,20.25,0.44
1160,7,7,25,9,20.25,0.44
1161,7,7,25,9,20.25,0.44
1162,7,7,25,9,20.25,0.44
1163,7,7,25,9,20.25,0.44
1164,7,7,25,9,20.25,0.44
1165,7,7,25,9,20.25,0.44
1166,7,7,25,9,20.25,0.44
1167,7,7,25,9,20.25,0.44
1168,7,7,25,9,20.25,0.6
1169,7,7,25,9,20.25,0.6
1170,7,7,25,9,20.25,0.44
1171,7,7,25,9,20.25,0.44
1172,7,7,25,9,20.25,0.6
1173,7,7,25,9,20.25,0.6
1174,7,7,25,9,20.25,0.6
1175,7,7,25,9,20.25,0.6
1176,7,7,25,9,20.25,0.6
1177,7,7,25,9,20.25,0.6
1178,7,7,25,9,20.25,0.6
1179,7,7,25,9,20.25,0.6
1180,7,7,25,9,20.25,0.6
1181,7,7,25,9,20.25,0.6
1182,7,7,25,9,20.25,0.6
1183,7,7,25,9,20.25,0.6
1184,7,7,25,9,20.25,0.6
1185,7,7,25,9,20.25,0.6
1186,7,7,25,9,20.25,0.6
1187,7,7,25,9,20.25,0.6
1188,7,7,25,9,20.25,0.6
1189,7,7,25,9,20.25,0.6
1190,7,7,25,9,20.25,0.76
